USE gestion_trabajo;

INSERT INTO usuario (nombre, ciudad, provincia, pais, fecha_inicio) VALUES ('EXPERTO INGENIERIA', 'Cordoba', 'Cordoba', 'Argentina', '2022-08-01');
INSERT INTO usuario (nombre, ciudad, provincia, pais, fecha_inicio) VALUES ('CORAUTOMATICA SRL', 'Cordoba', 'Cordoba', 'Argentina', '2010-01-01');
INSERT INTO usuario (nombre, ciudad, provincia, pais, fecha_inicio) VALUES ('HEXATECHNIX SRL', 'Cordoba', 'Cordoba', 'Argentina', '2012-04-17');
INSERT INTO usuario (nombre, ciudad, provincia, pais, fecha_inicio) VALUES ('AFG', 'Rosario', 'Santa Fe', 'Argentina', '2017-11-25');
INSERT INTO usuario (nombre, ciudad, provincia, pais, fecha_inicio) VALUES ('AFENSIS', 'Cordoba', 'Cordoba', 'Argentina', '2016-07-01');
INSERT INTO usuario (nombre, ciudad, provincia, pais, fecha_inicio) VALUES ('DAC', 'Cordoba', 'Cordoba', 'Argentina', '2022-01-01');
INSERT INTO usuario (nombre, ciudad, provincia, pais, fecha_inicio) VALUES ('ANALYZER', 'Rosario', 'Santa Fe', 'Argentina', '2018-10-01');
INSERT INTO usuario (nombre, ciudad, provincia, pais, fecha_inicio) VALUES ('LOGISTICA MALAGUENO', 'Malagueno', 'Cordoba', 'Argentina', '2001-07-20');
INSERT INTO usuario (nombre, ciudad, provincia, pais, fecha_inicio) VALUES ('DISENO MECDIS', 'Santa Fe', 'Santa Fe', 'Argentina', '2007-03-15');
INSERT INTO usuario (nombre, ciudad, provincia, pais, fecha_inicio) VALUES ('MECANICA CBA', 'Cordoba', 'Cordoba', 'Argentina', '2011-02-01');

INSERT INTO gastos (id_usuario, descripcion, monto, periodo, vencimiento, periodicidad, estado) VALUES (1 , 'Monotributo', 5700, '11-2023', '2023-12-20', 'Mensual', 0);
INSERT INTO gastos (id_usuario, descripcion, monto, periodo, vencimiento, periodicidad, estado) VALUES (2 , 'Municipalidad', 4000, '11-2023', '2023-12-10', 'Mensual', 0);
INSERT INTO gastos (id_usuario, descripcion, monto, periodo, vencimiento, periodicidad, estado) VALUES (1 , 'Seguro AP', 1000, '12-2023', '2023-12-05', 'Mensual', 1);
INSERT INTO gastos (id_usuario, descripcion, monto, periodo, vencimiento, periodicidad, estado) VALUES (3 , 'Municipalidad', 5500, '11-2023', '2023-12-10', 'Mensual', 0);
INSERT INTO gastos (id_usuario, descripcion, monto, periodo, vencimiento, periodicidad, estado) VALUES (2 , 'ART', 10000, '11-2023', '2023-12-05', 'Mensual', 1);
INSERT INTO gastos (id_usuario, descripcion, monto, periodo, vencimiento, periodicidad, estado) VALUES (4 , 'Municipalidad', 3500, '11-2023', '2023-12-10', 'Mensual', 0);
INSERT INTO gastos (id_usuario, descripcion, monto, periodo, vencimiento, periodicidad, estado) VALUES (4 , 'IVA', 15000, '12-2023', '2023-12-20', 'Mensual', 1);
INSERT INTO gastos (id_usuario, descripcion, monto, periodo, vencimiento, periodicidad, estado) VALUES (7 , 'Seguro AP', 1000, '12-2023', '2023-12-05', 'Mensual', 1);
INSERT INTO gastos (id_usuario, descripcion, monto, periodo, vencimiento, periodicidad, estado) VALUES (5 , 'IVA', 15000, '12-2023', '2023-12-20', 'Mensual', 1);
INSERT INTO gastos (id_usuario, descripcion, monto, periodo, vencimiento, periodicidad, estado) VALUES (8 , 'Monotributo', 5700, '11-2023', '2023-12-20', 'Mensual', 0);
INSERT INTO gastos (id_usuario, descripcion, monto, periodo, vencimiento, periodicidad, estado) VALUES (3 , 'IVA', 7540, '12-2023', '2023-12-20', 'Mensual', 1);
INSERT INTO gastos (id_usuario, descripcion, monto, periodo, vencimiento, periodicidad, estado) VALUES (1 , 'Contador', 2000, '12-2023', '2023-12-31', 'Anual', 1);
INSERT INTO gastos (id_usuario, descripcion, monto, periodo, vencimiento, periodicidad, estado) VALUES (3 , 'Contador', 25840, '12-2023', '2023-12-31', 'Anual', 1);
INSERT INTO gastos (id_usuario, descripcion, monto, periodo, vencimiento, periodicidad, estado) VALUES (6 , 'Monotributo', 5700, '11-2023', '2023-12-20', 'Mensual', 0);
INSERT INTO gastos (id_usuario, descripcion, monto, periodo, vencimiento, periodicidad, estado) VALUES (5 , 'Municipalidad', 4000, '11-2023', '2023-12-10', 'Mensual', 0);
INSERT INTO gastos (id_usuario, descripcion, monto, periodo, vencimiento, periodicidad, estado) VALUES (9 , 'Seguro AP', 1000, '12-2023', '2023-12-05', 'Mensual', 1);
INSERT INTO gastos (id_usuario, descripcion, monto, periodo, vencimiento, periodicidad, estado) VALUES (7 , 'Monotributo', 5700, '11-2023', '2023-12-20', 'Mensual', 0);
INSERT INTO gastos (id_usuario, descripcion, monto, periodo, vencimiento, periodicidad, estado) VALUES (10 , 'Monotributo', 5700, '11-2023', '2023-12-20', 'Mensual', 0);
INSERT INTO gastos (id_usuario, descripcion, monto, periodo, vencimiento, periodicidad, estado) VALUES (6 , 'Seguro AP', 1000, '12-2023', '2023-12-05', 'Mensual', 1);
INSERT INTO gastos (id_usuario, descripcion, monto, periodo, vencimiento, periodicidad, estado) VALUES (9 , 'Monotributo', 5700, '11-2023', '2023-12-20', 'Mensual', 0);
INSERT INTO gastos (id_usuario, descripcion, monto, periodo, vencimiento, periodicidad, estado) VALUES (5 , 'ART', 10000, '11-2023', '2023-12-05', 'Mensual', 1);
INSERT INTO gastos (id_usuario, descripcion, monto, periodo, vencimiento, periodicidad, estado) VALUES (8 , 'Seguro AP', 1000, '12-2023', '2023-12-05', 'Mensual', 1);
INSERT INTO gastos (id_usuario, descripcion, monto, periodo, vencimiento, periodicidad, estado) VALUES (10 , 'Seguro AP', 1000, '12-2023', '2023-12-05', 'Mensual', 1);

INSERT INTO clientes (cuit, nombre, ciudad, provincia, pais) VALUES ('11-11111111-1' , 'AFENSIS', 'Cordoba', 'Cordoba', 'Argentina');
INSERT INTO clientes (cuit, nombre, ciudad, provincia, pais) VALUES ('11-11111111-2' , 'GENERAL MOTOR ARGENTINA', 'Rosario', 'Santa Fe', 'Argentina');
INSERT INTO clientes (cuit, nombre, ciudad, provincia, pais) VALUES ('11-11111111-3' , 'CM', 'Cordoba', 'Cordoba', 'Argentina');
INSERT INTO clientes (cuit, nombre, ciudad, provincia, pais) VALUES ('11-11111111-4' , 'FORD ARGENTINA', 'General Pachero', 'Buenos Aires', 'Argentina');
INSERT INTO clientes (cuit, nombre, ciudad, provincia, pais) VALUES ('11-11111111-5' , 'ANANDA PACK', 'Cordoba', 'Cordoba', 'Argentina');
INSERT INTO clientes (cuit, nombre, ciudad, provincia, pais) VALUES ('11-11111111-6' , 'MAXION', 'Cordoba', 'Cordoba', 'Argentina');
INSERT INTO clientes (cuit, nombre, ciudad, provincia, pais) VALUES ('11-11111111-7' , 'DAC', 'Cordoba', 'Cordoba', 'Argentina');

INSERT INTO cotizaciones (nro_cotizacion, cuit_cliente, id_usuario, descripcion, monto, comentarios, estado) VALUES ('20231202_0' , '11-11111111-2', '2', 'Remplazo de PLC Operacion 130-140-150', 1500.00, 'No se considera la mano de obra electricista', 1);
INSERT INTO cotizaciones (nro_cotizacion, cuit_cliente, id_usuario, descripcion, monto, comentarios, estado) VALUES ('20231120_0' , '11-11111111-1', '3', 'Tablero para operario Maquina 33010, sector 2', 500.00, 'No se considera la mano de obra electricista', 1);
INSERT INTO cotizaciones (nro_cotizacion, cuit_cliente, id_usuario, descripcion, monto, comentarios, estado) VALUES ('20231212_0' , '11-11111111-4', '3', 'Agregar HMI, con tablero electrico embolzadora', 1000.00, 'No se considera la mano de obra electricista', 1);
INSERT INTO cotizaciones (nro_cotizacion, cuit_cliente, id_usuario, descripcion, monto, comentarios, estado) VALUES ('20231220_0' , '11-11111111-2', '1', 'Remplazo de PLC Operacion 130-140-150', 1750.00, 'No se considera la mano de obra electricista', 2);
INSERT INTO cotizaciones (nro_cotizacion, cuit_cliente, id_usuario, descripcion, monto, comentarios, estado) VALUES ('20231211_0' , '11-11111111-2', '3', 'Remplazo de PLC Operacion 130-140-150', 2500.00, 'No se considera la mano de obra electricista', 2);
INSERT INTO cotizaciones (nro_cotizacion, cuit_cliente, id_usuario, descripcion, monto, comentarios, estado) VALUES ('20231202_1' , '11-11111111-3', '2', 'Modificar programa para agremar modelo nuevo FENIX', 1200.00, 'No se considera la mano de obra electricista', 1);
INSERT INTO cotizaciones (nro_cotizacion, cuit_cliente, id_usuario, descripcion, monto, comentarios, estado) VALUES ('20231130_0' , '11-11111111-2', '4', 'Remplazo de PLC Operacion 130-140-150', 1800.00, 'No se considera la mano de obra electricista', 2);
INSERT INTO cotizaciones (nro_cotizacion, cuit_cliente, id_usuario, descripcion, monto, comentarios, estado) VALUES ('20231201_0' , '11-11111111-1', '4', 'Tablero para operario Maquina 33010, sector 2', 600.00, 'No se considera la mano de obra electricista', 2);
INSERT INTO cotizaciones (nro_cotizacion, cuit_cliente, id_usuario, descripcion, monto, comentarios, estado) VALUES ('20231201_10' , '11-11111111-5', '1', 'Moficicar programa para realizar prueba de sensores', 750.00, 'No se considera la mano de obra electricista', 1);
INSERT INTO cotizaciones (nro_cotizacion, cuit_cliente, id_usuario, descripcion, monto, comentarios, estado) VALUES ('20231202_2' , '11-11111111-5', '2', 'Moficicar programa para realizar prueba de sensores', 1000.00, 'No se considera la mano de obra electricista', 2);
INSERT INTO cotizaciones (nro_cotizacion, cuit_cliente, id_usuario, descripcion, monto, comentarios, estado) VALUES ('20230702_0' , '11-11111111-7', '2', 'Moficicar programa para realizar prueba de sensores', 1000.00, 'No se considera la mano de obra electricista', 2);

INSERT INTO personal (nombre, apellido, especialidad) VALUES ('Juan', 'Perez', 'Electricista');
INSERT INTO personal (nombre, apellido, especialidad) VALUES ('Alberto', 'Matrinez', 'Programador');
INSERT INTO personal (nombre, apellido, especialidad) VALUES ('Pedro', 'Gomez', 'Programador');
INSERT INTO personal (nombre, apellido, especialidad) VALUES ('Juan Jose', 'Orqueda', 'Electricista');
INSERT INTO personal (nombre, apellido, especialidad) VALUES ('Bruno', 'Pereira', 'Programador');
INSERT INTO personal (nombre, apellido, especialidad) VALUES ('Franco', 'Gomez', 'Mecanico');
INSERT INTO personal (nombre, apellido, especialidad) VALUES ('Diego', 'Marquez', 'Mecanico');
INSERT INTO personal (nombre, apellido, especialidad) VALUES ('Luis', 'Marquez', 'Electricista');
INSERT INTO personal (nombre, apellido, especialidad) VALUES ('Elmer', 'Muruaga', 'Programador');
INSERT INTO personal (nombre, apellido, especialidad) VALUES ('Diego', 'Zamora', 'Mecanico');
INSERT INTO personal (nombre, apellido, especialidad) VALUES ('Diego', 'Giama', 'Electronico');
INSERT INTO personal (nombre, apellido, especialidad) VALUES ('Ezequiel', 'Salvador', 'Electronico');
INSERT INTO personal (nombre, apellido, especialidad) VALUES ('Matias', 'Marco', 'Logistica');
INSERT INTO personal (nombre, apellido, especialidad) VALUES ('Leon', 'Vargas', 'Mecanico');
INSERT INTO personal (nombre, apellido, especialidad) VALUES ('Exequiel', 'Venegas', 'Mecanico');

INSERT INTO proyectos (id_cotizacion, legajo_personal, comentarios, fecha_inicio, fecha_fin, sector, nro_orden) VALUES (1, 2, 'Parada de planta', '2023-12-26', '2023-01-10', 'Morado', 'AF3330214/5');
INSERT INTO proyectos (id_cotizacion, legajo_personal, comentarios, fecha_inicio, fecha_fin, sector, nro_orden) VALUES (2, 5, NULL, '2023-01-02', '2023-01-20', 'Azul', 'T5548202');
INSERT INTO proyectos (id_cotizacion, legajo_personal, comentarios, fecha_inicio, fecha_fin, sector, nro_orden) VALUES (3, 1, NULL, '2023-02-01', '2023-02-15', '5', '332520-0E');
INSERT INTO proyectos (id_cotizacion, legajo_personal, comentarios, fecha_inicio, fecha_fin, sector, nro_orden) VALUES (6, 5, 'Trabajo parcial a terminar en julio-2024', '2023-12-28', '2023-01-18', '88T', '546565656');
INSERT INTO proyectos (id_cotizacion, legajo_personal, comentarios, fecha_inicio, fecha_fin, sector, nro_orden) VALUES (9, 3, NULL, '2023-01-05', '2023-01-15', 'AB5', 'OC8875-2023');

INSERT INTO facturas (nro_factura, id_usuario, id_proyecto, monto, fecha, vencimiento, estado) VALUES ('01-0002420', 3, 2, 500.00, '2023-12-26', '2024-01-10', 2);
INSERT INTO facturas (nro_factura, id_usuario, id_proyecto, monto, fecha, vencimiento, estado) VALUES ('02-0001254', 1, 5, 500.00, '2024-01-17', '2024-02-01', 2);
INSERT INTO facturas (nro_factura, id_usuario, id_proyecto, monto, fecha, vencimiento, estado) VALUES ('01-0005856', 2, 4, 1200.00, '2024-01-05', '2024-01-20', 1);
INSERT INTO facturas (nro_factura, id_usuario, id_proyecto, monto, fecha, vencimiento, estado) VALUES ('01-0000152', 2, 1, 750.00, '2023-12-26', '2024-01-10', 1);
INSERT INTO facturas (nro_factura, id_usuario, id_proyecto, monto, fecha, vencimiento, estado) VALUES ('02-0001255', 1, 5, 250.00, '2024-02-15', '2024-03-01', 0);
INSERT INTO facturas (nro_factura, id_usuario, id_proyecto, monto, fecha, vencimiento, estado) VALUES ('01-0000153', 2, 1, 750.00, '2024-01-15', '2024-01-30', 2);
INSERT INTO facturas (nro_factura, id_usuario, id_proyecto, monto, fecha, vencimiento, estado) VALUES ('01-0000520', 3, 3, 1000.00, '2024-02-05', '2024-02-20',0);
INSERT INTO facturas (nro_factura, id_usuario, id_proyecto, monto, fecha, vencimiento, estado) VALUES ('01-0012320', 5, 4, 6400.00, '2023-12-05', '2023-12-20', 1);
INSERT INTO facturas (nro_factura, id_usuario, id_proyecto, monto, fecha, vencimiento, estado) VALUES ('01-0500520', 7, 1, 55220.00, '2023-11-05', '2023-11-20', 1);
INSERT INTO facturas (nro_factura, id_usuario, id_proyecto, monto, fecha, vencimiento, estado) VALUES ('01-0064560', 6, 2, 8800.00, '2023-12-18', '2024-01-02', 2);
